id,movie_id,company_id
1,118715,30612
2,118715,57311
3,1397280,48273
4,1397280,69340
5,1397280,240248
6,1397280,174373
7,1397280,28557
8,1397280,37417
9,1397280,346444
10,1397280,221580
11,1397280,787629
12,94898,23400
13,94898,102273
14,38969,98836
15,1341167,197272
16,1341167,104859
17,1341167,24845
18,1341167,106149
19,3774114,112971
20,3774114,506124
21,3774114,513383
22,134273,50868
23,134273,30084
24,134273,12600
25,119094,11800
26,119094,49348
27,119094,23400
28,119094,20967
29,119094,41998
30,2309021,3224
31,2309021,260274
32,2309021,429818
33,2309021,313110
34,2309021,262387
35,2309021,402483
36,2309021,655598
37,1780798,285648
38,1780798,19626
39,1780798,196801
40,1780798,319489
41,1780798,208237
42,2140479,2663
43,2140479,366362
44,2140479,41001
45,2140479,449458
46,2140479,86332
47,1096999,190856
48,1096999,275347
49,1096999,190929
50,2104994,274645
51,2104994,39462
52,2104994,74280
53,2104994,75999
54,5818010,592426
55,63522,142268
56,71222,38591
57,71222,38657
58,71222,51074
59,71222,695373
60,71222,38657
61,71222,4750
62,85636,14380
63,85636,5073
64,94963,2663
65,94963,10258
66,454082,19626
67,454082,5596
68,454082,142476
69,454082,1857
70,454082,223495
71,454082,151527
72,454082,62469
73,454082,139728
74,454082,26937
75,454082,28055
76,454082,92623
77,107254,46718
78,107254,108859
79,4361050,5073
80,4361050,71240
81,4361050,98315
82,4361050,504433
83,4361050,169264
84,4361050,55529
85,4361050,130376
86,4361050,59753
87,89767,102264
88,96426,68181
89,96426,126028
90,96426,776621
91,96426,47977
92,96426,658318
93,77402,136689
94,77402,607988
95,82495,14380
96,82495,5073
97,1582507,142678
98,1582507,251858
99,1582507,247116
100,71402,682093
101,71402,670561
102,1974419,402600
103,1974419,506124
104,1974419,135575
105,1974419,4166
106,1974419,404626
107,1974419,35146
108,117038,45447
109,117038,49706
110,1588170,317320
111,1588170,188167
112,1588170,321429
113,1588170,20493
114,109506,119044
115,109506,32245
116,109506,176154
117,109506,31659
118,109506,22594
119,109506,6728
120,329101,46718
121,329101,28247
122,329101,67362
123,329101,108859
124,329101,6287
125,329101,4434
126,2119532,46206
127,2119532,285648
128,2119532,317576
129,2119532,52383
130,2119532,598281
131,2119532,337632
132,2119532,506124
133,2119532,208137
134,2119532,465607
135,2119532,2521
136,2119532,484538
137,2119532,73417
138,2119532,11800
139,2119532,234956
140,2119532,286594
141,3850590,159111
142,3850590,5073
143,3850590,526406
144,70666,54778
145,70666,1584
146,144120,56665
147,144120,5073
148,95271,5891
149,382943,252506
150,1878870,35761
151,1878870,99734
152,1878870,33486
153,1878870,249694
154,82418,59493
155,82418,108859
156,95925,46277
157,95925,21078
158,82010,103685
159,82010,765197
160,82010,765198
161,4975722,390816
162,4975722,641956
163,4975722,136967
164,2446042,48273
165,2446042,69340
166,2446042,28557
167,2446042,37417
168,2446042,346444
169,2446042,420822
170,2446042,501651
171,2446042,90290
172,2446042,604062
173,2446042,756
174,2543164,296971
175,2543164,251858
176,2543164,158853
177,2543164,616808
178,2844798,159596
179,2844798,133296
180,2844798,86612
181,2844798,45825
182,2844798,56024
183,2844798,1935
184,2844798,665692
185,2844798,690819
186,2844798,475594
187,2844798,130575
188,2844798,48118
189,2844798,285154
190,2844798,174795
191,862467,103694
192,862467,227229
193,862467,132355
194,862467,79694
195,862467,18704
196,862467,223259
197,862467,136039
198,4094724,5073
199,4094724,71240
200,4094724,98315
201,4094724,611595
202,4094724,169264
203,4094724,55529
204,1867093,333174
205,1867093,333129
206,1867093,508816
207,1867093,169766
208,1867093,253942
209,4172430,23400
210,4172430,70636
211,4172430,49752
212,4172430,88656
213,4172430,181591
214,3733774,303030
215,3733774,482754
216,3733774,209925
217,3733774,481625
218,3733774,373555
219,3733774,270629
220,3733774,518238
221,3733774,491058
222,1124037,316867
223,1124037,506124
224,1124037,235528
225,1124037,18471
226,3065204,46718
227,3065204,449458
228,3065204,179825
229,3065204,504531
230,3065204,179990
231,3682448,819670
232,3682448,17497
233,3682448,336601
234,3682448,132772
235,3682448,420822
236,3682448,9119
237,3682448,93810
238,3682448,53177
239,3647498,173285
240,3647498,49689
241,3647498,24845
242,3882082,5323
243,3882082,249694
244,3882082,99734
245,3882082,84207
246,3799694,2663
247,3799694,19968
248,3799694,353060
249,3799694,355965
250,3799694,87854
251,3799694,572995
252,3917210,152564
253,3917210,301328
254,3917210,318641
255,3687398,222800
256,3687398,143583
257,3687398,517964
258,264616,57460
259,264616,20377
260,264616,18947
261,264616,1006
262,2084970,319513
263,2084970,251858
264,2084970,457197
265,2084970,544767
266,2084970,150452
267,2084970,632400
268,2084970,363633
269,62467,2663
270,780504,314851
271,780504,135575
272,780504,113140
273,780504,93810
274,780504,360145
275,780504,356542
276,780504,758832
277,91474,46277
278,91474,70108
279,1602613,402600
280,1602613,172053
281,1602613,24845
282,1602613,360145
283,1602613,1935
284,1602613,581722
285,1602613,212003
286,1602613,404626
287,1602613,113606
288,1602613,4166
289,1740707,23617
290,1740707,234299
291,1740707,2093
292,1740707,9436
293,1740707,382705
294,1401143,244225
295,1401143,281599
296,1401143,13255
297,1401143,247083
298,1401143,293292
299,1401143,278851
300,1401143,14706
301,1401143,238491
302,1401143,13526
303,95016,756
304,95016,119038
305,95016,19968
306,3322364,479739
307,3322364,259281
308,3322364,562694
309,3322364,86328
310,3322364,108864
311,1895587,132772
312,1895587,732581
313,1895587,17525
314,1895587,299281
315,1895587,178575
316,1895587,51618
317,1895587,478896
318,23245,5073
319,455944,50868
320,455944,479739
321,455944,108864
322,455944,35535
323,455944,418236
324,455944,26101
325,455944,183889
326,51285,103220
327,2713180,50868
328,2713180,178111
329,2713180,479739
330,2713180,307345
331,2713180,146364
332,2713180,99734
333,1542344,28932
334,1542344,22869
335,1542344,64141
336,1542344,265704
337,1542344,333799
338,1542344,130
339,1542344,174373
340,1542344,197272
341,1542344,283574
342,2980516,57311
343,2980516,4617
344,2980516,55529
345,80516,5955
346,1278449,202871
347,1278449,142690
348,1278449,60132
349,1278449,59852
350,1278449,24845
351,1278449,152308
352,1278449,258094
353,1278449,339466
354,1278449,48411
355,1278449,1935
356,1278449,114907
357,1278449,107532
358,1278449,4166
359,1278449,777321
360,1278449,48118
361,1278449,79546
362,1278449,298454
363,2948356,8970
364,2948356,74039
365,289043,103974
366,289043,104387
367,1985949,50868
368,1985949,556015
369,1985949,358927
370,69995,103444
371,69995,53419
372,69995,229251
373,2911666,46206
374,2911666,172670
375,2911666,224994
376,2911666,453771
377,2911666,490386
378,2911666,212862
379,2911666,99734
380,2911666,97671
381,2911666,528655
382,2911666,197542
383,1278340,221927
384,1278340,33686
385,1278340,278851
386,1278340,248221
387,1278340,196178
388,1278340,204420
389,1278340,180408
390,1655442,210188
391,1655442,6560
392,1655442,169450
393,1655442,338599
394,1655442,44140
395,1655442,305664
396,1655442,318083
397,1655442,28557
398,1655442,28908
399,1655442,125554
400,1655442,169751
401,50212,103190
402,2359024,153703
403,2359024,160719
404,2359024,395263
405,2359024,429818
406,39420,756
407,46876,21358
408,1132620,156964
409,1132620,38987
410,1132620,79546
411,1132620,137854
412,1132620,78814
413,1132620,274834
414,1132620,1935
415,1132620,346545
416,1132620,48118
417,1132620,113606
418,1132620,48411
419,1132620,799294
420,1132620,35146
421,1132620,20824
422,3416532,132772
423,3416532,120121
424,3416532,619814
425,3416532,287460
426,3416532,561265
427,3416532,46206
428,3077214,104115
429,3077214,22869
430,3077214,197272
431,3077214,37450
432,3077214,28557
433,3077214,346444
434,3077214,209925
435,3077214,68747
436,3077214,566873
437,90605,756
438,90605,132161
439,90605,41067
440,90605,142386
441,3783958,46206
442,3783958,410488
443,3783958,610132
444,3783958,449425
445,3783958,249085
446,3783958,93810
447,1172570,113509
448,1172570,203328
449,1172570,250100
450,1172570,91923
451,1172570,231406
452,1172570,798920
453,1172570,211009
454,1172570,228888
455,1172570,219021
456,49366,23951
457,49366,35064
458,59646,103330
459,59646,137938
460,46359,23400
461,3835080,488623
462,3835080,37203
463,3835080,228888
464,3835080,215893
465,3835080,596769
466,3835080,384378
467,23694,553623
468,21884,5073
469,117407,67238
470,4276820,150452
471,4276820,251858
472,4276820,273107
473,4276820,336582
474,52561,126913
475,4972582,5073
476,4972582,54054
477,4972582,98315
478,4972582,169264
479,4972582,55529
480,4972582,79995
481,34587,41421
482,91064,142386
483,91064,858
484,110148,120075
485,26138,5073
486,1259574,103747
487,1259574,87854
488,1259574,103733
489,1259574,91941
490,1260581,103747
491,1260581,87854
492,1260581,103733
493,1260581,91941
494,1259573,103747
495,1259573,87854
496,1259573,103733
497,1259573,91941
498,2085910,373121
499,2085910,176814
500,99871,94459
501,2494362,228420
502,2494362,463954
503,2494362,642616
504,2494362,632419
505,2494362,642617
506,2494362,178319
507,34398,5073
508,2375574,197272
509,2375574,334327
510,3086442,151099
511,3086442,10329
512,3086442,326911
513,3086442,44989
514,3086442,12723
515,21814,5073
516,49406,3625
517,4425200,46206
518,4425200,610132
519,4425200,172670
520,4425200,224994
521,4425200,243191
522,4425200,378201
523,4425200,751457
524,4425200,560664
525,4425200,173285
526,4273292,394798
527,4273292,317989
528,66921,2663
529,66921,734629
530,66921,113563
531,66921,59123
532,66921,67017
533,96071,5073
534,318034,155266
535,318034,43974
536,318034,43735
537,318034,63806
538,318034,130222
539,318034,56044
540,318034,72082
541,318034,237938
542,318034,33715
543,318034,84172
544,318034,52417
545,318034,74651
546,318034,214258
547,318034,35146
548,318034,244153
549,318034,101880
550,318034,86504
551,318034,29217
552,318034,22292
553,181875,50868
554,181875,819670
555,181875,47730
556,119081,24200
557,119081,14411
558,119081,23400
559,245712,133276
560,245712,7410
561,77745,88143
562,365376,979
563,365376,21371
564,365376,66014
565,947798,28932
566,947798,285648
567,947798,62935
568,947798,29574
569,947798,174373
570,5052448,5073
571,5052448,98315
572,5052448,555595
573,5052448,369235
574,5052448,169264
575,5052448,55529
576,93605,18415
577,93605,76587
578,2326554,284714
579,2326554,440557
580,2326554,408249
581,2326554,454380
582,1144884,46718
583,1144884,172687
584,1144884,236019
585,1144884,179834
586,2582782,47306
587,2582782,15447
588,2582782,113140
589,2582782,152188
590,2582782,368761
591,2582782,758832
592,76786,50853
593,1742044,490624
594,1742044,209646
595,1742044,10258
596,1742044,430860
597,1742044,449458
598,1742044,2663
599,283877,60306
600,396184,118213
601,396184,60132
602,120586,46718
603,120586,74787
604,120586,23612
605,425379,48411
606,425379,60132
607,425379,54911
608,425379,157418
609,425379,79694
610,32910,74039
611,32910,98836
612,58997,167772
613,2209418,273107
614,2209418,402483
615,2209418,40620
616,2209418,123642
617,1049413,17902
618,1049413,8970
619,1398426,5073
620,1398426,159111
621,1398426,46718
622,1398426,44714
623,1398426,49027
624,1398426,600293
625,1398426,90153
626,1398426,109042
627,1263670,28932
628,1263670,242459
629,1263670,73152
630,1185836,238585
631,1185836,279773
632,1185836,278262
633,1185836,115759
634,1185836,146502
635,4158096,197272
636,4158096,228888
637,4158096,334327
638,120102,33437
639,120102,9331
640,120102,48014
641,120102,92623
642,2349144,326604
643,2349144,366362
644,2349144,96354
645,2349144,462648
646,3686998,252750
647,1661199,446409
648,1661199,465725
649,1661199,301801
650,1661199,8970
651,1320253,2572
652,1320253,2572
653,1320253,148026
654,1320253,122265
655,1320253,142444
656,1320253,72847
657,1320253,237053
658,93565,7143
659,93565,141156
660,87884,55424
661,87884,48010
662,87884,75650
663,87884,103532
664,87884,46948
665,87884,495636
666,359950,756
667,359950,420822
668,359950,58013
669,359950,39303
670,359950,46718
671,359950,283574
672,359950,465201
673,359950,209925
674,2005151,286113
675,2005151,221959
676,2005151,732571
677,2005151,373725
678,2005151,85751
679,28950,53790
680,2937696,323215
681,2937696,123642
682,2937696,7038
683,3874544,129164
684,2091256,129164
685,2091256,9130
686,2091256,671719
687,93779,43140
688,93779,21056
689,93779,40943
690,4695012,409060
691,4695012,390816
692,91042,23400
693,1205489,255998
694,1205489,112616
695,1205489,62831
696,1205489,10258
697,1205489,108864
698,1205489,257319
699,1205489,2663
700,1276104,5883
701,1276104,314851
702,1276104,112971
703,1276104,20509
704,1276104,251858
705,1276104,236721
706,2932536,178319
707,2932536,332878
708,2932536,608498
709,2932536,19626
710,2932536,309085
711,2932536,611089
712,2932536,437329
713,2932536,504823
714,1355631,370843
715,1355631,174578
716,1355631,87854
717,1355631,637790
718,1355631,276464
719,435705,23400
720,435705,3580
721,435705,11877
722,435705,167271
723,435705,10750
724,435705,163543
725,435705,119535
726,3450958,756
727,3450958,286257
728,3450958,420822
729,368226,99815
730,85995,102282
731,85995,2663
732,448011,46206
733,448011,35535
734,448011,52515
735,448011,20509
736,448011,245613
737,448011,94257
738,448011,265519
739,2406566,42399
740,2406566,224994
741,2406566,23056
742,2406566,186526
743,2406566,116500
744,2406566,1935
745,2406566,525779
746,2406566,276464
747,2406566,638081
748,1082807,1995
749,1082807,690814
750,1082807,179825
751,1082807,743279
752,1082807,98315
753,1082807,556742
754,1082807,7143
755,4034228,319272
756,4034228,506728
757,4034228,358992
758,4034228,453671
759,4034228,496040
760,4034228,509232
761,4034228,203259
762,4034228,113140
763,3731562,2663
764,3731562,159111
765,3731562,562497
766,3731562,176630
767,3733778,206305
768,3733778,611752
769,3733778,179337
770,1355683,285648
771,1355683,449458
772,1355683,307345
773,1355683,121295
774,1355683,506124
775,3066630,241288
776,3066630,9056
777,3066630,213260
778,1051904,121181
779,1051904,479739
780,1051904,227121
781,1051904,94914
782,1051904,50868
783,1051904,35058
784,1051904,11134
785,1051904,26545
786,1051904,108864
787,1540011,173285
788,1540011,84207
789,1540011,203017
790,1540011,188303
791,3616916,86720
792,3616916,234299
793,3616916,1935
794,3616916,489140
795,2474976,166660
796,2474976,443985
797,2474976,126667
798,2474976,554321
799,2474976,373555
800,2474976,91878
801,2474976,109508
802,2474976,309085
803,2474976,441625
804,105793,23400
805,4550098,42399
806,4550098,251339
807,4550098,193161
808,4550098,346224
809,3182558,446665
810,3182558,446665
811,3488710,26545
812,3488710,440338
813,3488710,38131
814,3488710,479739
815,1502404,46206
816,1502404,2572
817,1502404,174505
818,1502404,2572
819,1502404,679340
820,1502404,10750
821,1664894,70005
822,1664894,314375
823,1664894,77044
824,1664894,14456
825,1664894,39268
826,1664894,163162
827,4503598,262387
828,4503598,171098
829,4503598,491746
830,4503598,21497
831,4503598,491746
832,1441395,197272
833,1441395,37450
834,1441395,296441
835,1441395,316150
836,1441395,57965
837,1441395,251858
838,1441395,156991
839,1441395,360608
840,1441395,26228
841,1441395,104811
842,61512,66779
843,1112115,2222
844,1112115,50095
845,97351,119038
846,3312868,454597
847,3312868,234845
848,3312868,332086
849,1941442,55764
850,56687,4215
851,4846232,545200
852,4846232,628817
853,33533,139552
854,455407,193414
855,455407,132772
856,455407,251916
857,455407,152397
858,93223,111219
859,5275828,298101
860,264472,23400
861,264472,93765
862,2944198,260232
863,2944198,348009
864,2944198,53578
865,5446858,336679
866,5446858,133364
867,5446858,132772
868,5446858,628396
869,5710514,160719
870,5710514,244345
871,1605717,214624
872,1605717,298044
873,1605717,197272
874,109508,10426
875,107131,59172
876,107131,8970
877,104868,6702
878,104868,59172
879,104868,8970
880,1552224,340487
881,1552224,221973
882,1552224,409391
883,1552224,53578
884,1552224,875458
885,1552224,74651
886,1552224,3093
887,1552224,427678
888,2032572,59168
889,2032572,186454
890,2032572,10750
891,2032572,501338
892,4781612,497467
893,4781612,530290
894,4781612,209560
895,4781612,515206
896,4781612,277897
897,120714,9187
898,475293,150505
899,475293,3297
900,4935372,188303
901,4935372,133023
902,4052882,50868
903,4052882,500106
904,4052882,320014
905,1245492,50868
906,1245492,345956
907,1245492,142446
908,72431,11073
909,72431,22708
910,72431,46023
911,4078160,156093
912,53459,66260
913,53459,42375
914,50976,50989
915,445336,270142
916,445336,63732
917,445336,28557
918,445336,4535
919,445336,48411
920,445336,56024
921,445336,66028
922,445336,113606
923,445336,88432
924,445336,172623
925,445336,1114
926,445336,148051
927,445336,151805
928,445336,178873
929,445336,48118
930,445336,79546
931,445336,219197
932,445336,237938
933,1320291,3258
934,1320291,234956
935,1320291,286594
936,1320291,239581
937,1320291,331447
938,55018,57615
939,195714,46718
940,195714,100462
941,195714,1857
942,309593,46718
943,309593,100462
944,414982,46718
945,414982,1857
946,414982,179952
947,414982,151379
948,414982,172687
949,414982,100462
950,1622979,46718
951,1622979,172687
952,1622979,236019
953,1622979,320069
954,206314,7127
955,206314,166202
956,206314,21593
957,206314,33633
958,1274586,292847
959,1274586,475764
960,1274586,209560
961,113118,46718
962,113118,150372
963,195945,46718
964,195945,44714
965,1242460,103694
966,1242460,104811
967,1242460,234072
968,1242460,12413
969,1242460,87854
970,1242460,212724
971,1242460,193161
972,1242460,360226
973,1242460,400139
974,1242460,376292
975,1242460,400361
976,1242460,304644
977,1939659,7143
978,1939659,10568
979,1939659,85725
980,3480796,17712
981,3480796,224058
982,3480796,265611
983,3480796,209560
984,3480796,492689
985,50307,756
986,293815,28247
987,293815,44714
988,293815,46718
989,278295,46718
990,278295,44714
991,278295,114024
992,278295,810242
993,278295,106913
994,804461,756
995,804461,36225
996,804461,145519
997,804461,164669
998,804461,174373
999,2230358,359888
1000,3748172,59753
1001,91106,40343
1002,4146622,334041
1003,4146622,554532
1004,5723286,332559
1005,5723286,620416
1006,452623,22594
1007,452623,42559
1008,452623,33633
1009,86465,48902
1010,86465,23400
1011,399295,120397
1012,399295,116514
1013,399295,94902
1014,399295,10750
1015,399295,142412
1016,399295,184307
1017,399295,112971
1018,399295,93560
1019,399295,7143
1020,4225622,377076
1021,4225622,46718
1022,4225622,80859
1023,3348730,137447
1024,3348730,721324
1025,3348730,21624
1026,3348730,247116
1027,3348730,184201
1028,3348730,16350
1029,5308322,5073
1030,5308322,98315
1031,5308322,568939
1032,5308322,309659
1033,5308322,169264
1034,5308322,55529
1035,190138,43393
1036,190138,26797
1037,190138,140758
1038,190138,33472
1039,190138,33185
1040,190138,63700
1041,2090465,465853
1042,2090465,89304
1043,2090465,522524
1044,2090465,209560
1045,2090465,491058
1046,2090465,55519
1047,2090465,441453
1048,123755,38944
1049,123755,4490
1050,123755,17692
1051,123755,2847
1052,123755,130269
1053,123755,53578
1054,123755,14596
1055,117333,49348
1056,5715874,214624
1057,5715874,390816
1058,5715874,197272
1059,2597768,323227
1060,2597768,14956
1061,2597768,439457
1062,110955,49348
1063,110955,102770
1064,1308729,208137
1065,1308729,50870
1066,1308729,188223
1067,1308729,223721
1068,1308729,166161
1069,1308729,247637
1070,1308729,323227
1071,1308729,336601
1072,1308729,296441
1073,1308729,2663
1074,98536,49348
1075,98536,133018
1076,2937366,235528
1077,2937366,13922
1078,4728386,539522
1079,4728386,604311
1080,1456635,276952
1081,1456635,259111
1082,1456635,229296
1083,1456635,315744
1084,1456635,141447
1085,4769836,59609
1086,3402236,756
1087,3402236,301801
1088,3402236,566686
1089,3402236,85751
1090,3402236,259281
1091,3402236,181591
1092,3402236,147148
1093,5027774,10002
1094,5027774,476818
1095,5027774,28932
1096,116126,11996
1097,116126,129770
1098,4998772,392031
1099,4998772,552880
1100,4998772,552879
1101,5809020,666883
1102,5809020,594165
1103,285492,15569
1104,285492,60306
1105,4961380,551166
1106,4961380,551167
1107,303361,34205
1108,303361,126402
1109,91541,9119
1110,91541,10110
1111,91541,5073
1112,1704573,294935
1113,1704573,28602
1114,1704573,123642
1115,1704573,40620
1116,1704573,342014
1117,1704573,248463
1118,1132285,50870
1119,1132285,140758
1120,1132285,19968
1121,1132285,47476
1122,1132285,47476
1123,120831,28932
1124,120831,34515
1125,210070,28055
1126,210070,27876
1127,210070,78812
1128,210070,60306
1129,210070,2927
1130,210070,12357
1131,210070,53578
1132,210070,9407
1133,210070,43355
1134,210070,16350
1135,210070,16920
1136,210070,20996
1137,210070,74720
1138,210070,28505
1139,210070,77108
1140,3521126,380492
1141,3521126,46718
1142,3521126,345956
1143,3521126,132192
1144,3521126,643205
1145,3521126,449458
1146,3521126,84207
1147,3521126,456097
1148,3255590,72737
1149,3255590,632387
1150,3280262,359888
1151,1748197,209560
1152,1748197,259889
1153,1748197,293177
1154,1748197,36328
1155,1748197,365905
1156,1748197,17712
1157,1748197,201510
1158,4372390,121295
1159,4372390,196210
1160,4372390,493361
1161,4372390,14641
1162,4372390,342739
1163,4372390,362154
1164,3501112,2572
1165,3501112,248798
1166,3501112,653253
1167,3908142,82270
1168,2380564,393265
1169,92513,49348
1170,92513,76881
1171,97165,49348
1172,97165,133018
1173,97165,587257
1174,97165,67672
1175,3155328,565672
1176,3155328,580751
1177,3155328,144901
1178,4163224,20649
1179,96163,48010
1180,96163,42924
1181,96163,137957
1182,96163,137958
1183,96163,46189
1184,96163,70694
1185,96163,186770
1186,96163,43037
1187,4572514,47306
1188,4572514,173285
1189,4572514,610132
1190,4572514,198598
1191,4572514,298735
1192,4572514,235528
1193,4572514,381873
1194,3470600,169264
1195,3470600,55529
1196,3470600,221986
1197,3470600,5073
1198,111070,8970
1199,111070,76240
1200,111070,14629
1201,4443658,453402
1202,4443658,302468
1203,4443658,479919
1204,96061,23400
1205,96061,56944
1206,4530884,17447
1207,112697,23400
1208,2417712,276952
1209,2417712,259111
1210,95519,756
1211,95519,22730
1212,1785635,223051
1213,1785635,366223
1214,1785635,375102
1215,1785635,465393
1216,1785635,224649
1217,1785635,510206
1218,1785635,818707
1219,1785635,247764
1220,1785635,127845
1221,1547234,50868
1222,1547234,142539
1223,119310,8970
1224,5189770,469793
1225,5189770,331337
1226,5189770,795927
1227,3654796,98315
1228,3654796,152336
1229,109190,756
1230,109190,73707
1231,109190,781821
1232,817538,23400
1233,817538,73081
1234,187078,49348
1235,187078,26281
1236,814022,11877
1237,814022,167271
1238,814022,10750
1239,814022,96863
1240,814022,187476
1241,814022,28556
1242,5539052,485757
1243,5539052,190357
1244,5539052,11800
1245,5539052,39303
1246,810900,8970
1247,810900,3297
1248,810900,150505
1249,5460530,83975
1250,5460530,312761
1251,5460530,655352
1252,5460530,100005
1253,5460530,10750
1254,219965,7143
1255,219965,36225
1256,219965,22018
1257,219965,62448
1258,219965,94884
1259,219965,41195
1260,219965,166202
1261,478087,50868
1262,478087,142678
1263,478087,148949
1264,478087,174505
1265,478087,215967
1266,4303340,198448
1267,4303340,109508
1268,4303340,501853
1269,4303340,236559
1270,4303340,91878
1271,4303340,332878
1272,4303340,532741
1273,1512235,17713
1274,1512235,91524
1275,1512235,184318
1276,1512235,347540
1277,1706593,756
1278,1706593,22730
1279,1706593,174373
1280,910970,622634
1281,910970,17902
1282,910970,8970
1283,470752,390816
1284,470752,5073
1285,470752,197272
1286,470752,103974
1287,470752,93463
1288,486946,49348
1289,486946,99647
1290,486946,205759
1291,486946,265519
1292,107048,50868
1293,139654,2663
1294,139654,108864
1295,139654,24939
1296,139654,14629
1297,139654,146933
1298,5653514,398303
1299,457510,23400
1300,457510,4265
1301,457510,117811
1302,457510,212650
1303,3289956,407896
1304,3289956,208137
1305,3289956,449425
1306,2937898,271126
1307,2937898,92503
1308,2937898,251858
1309,2937898,132772
1310,2937898,251916
1311,2937898,595362
1312,2937898,305819
1313,5833186,641910
1314,5833186,561648
1315,5833186,561648
1316,3393786,23400
1317,3393786,152219
1318,3393786,11704
1319,3393786,478951
1320,3393786,657029
1321,3393786,155133
1322,3393786,361287
1323,2389182,237280
1324,2389182,308847
1325,468489,144109
1326,468489,65292
1327,468489,156876
1328,468489,132156
1329,468489,133934
1330,468489,212525
1331,3395184,670821
1332,3395184,244345
1333,4382824,357545
1334,4382824,19626
1335,4382824,112971
1336,4382824,232032
1337,5439796,624503
1338,5439796,594040
1339,5439796,251858
1340,5439796,494731
1341,5439796,488234
1342,5439796,590272
1343,5112578,497484
1344,5112578,395263
1345,5112578,221144
1346,5112578,568509
1347,5112578,187793
1348,464154,19626
1349,464154,60840
1350,464154,313680
1351,464154,14103
1352,464154,38754
1353,464154,150452
1354,5120400,558881
1355,4929038,209733
1356,4929038,292650
1357,4929038,764914
1358,4929038,74156
1359,4929038,45050
1360,4929038,66213
1361,4929038,764915
1362,4929038,90290
1363,4929038,553574
1364,4929038,503416
1365,4929038,167278
1366,4954522,310631
1367,4954522,258741
1368,4954522,262573
1369,4954522,24845
1370,4954522,28557
1371,4954522,346444
1372,4954522,90290
1373,4954522,169751
1374,4954522,441383
1375,4954522,403793
1376,4954522,314860
1377,4954522,9031
1378,4954522,11677
1379,4954522,375934
1380,4954522,178188
1381,4954522,578156
1382,4954522,280898
1383,4954522,4166
1384,4954522,125559
1385,4954522,387145
1386,4954522,589254
1387,2724064,445325
1388,2724064,282285
1389,2724064,42909
1390,1714203,19626
1391,1714203,192211
1392,1714203,60840
1393,1714203,38165
1394,1727885,316526
1395,1727885,266265
1396,1727885,543467
1397,120768,7127
1398,120768,64942
1399,120768,7127
1400,120768,43831
1401,120768,43164
1402,6288694,48117
1403,6288694,157183
1404,6288694,71642
1405,6288694,544623
1406,6288694,248798
1407,6288694,679340
1408,6288694,64682
1409,6288694,301139
1410,340163,22594
1411,340163,89918
1412,340163,41195
1413,340163,136722
1414,340163,136723
1415,340163,165826
1416,119432,8970
1417,119432,79764
1418,119432,71430
1419,6204340,248798
1420,6204340,515988
1421,3481634,50764
1422,3481634,17712
1423,3481634,692774
1424,3481634,209925
1425,1798684,35535
1426,1798684,152181
1427,1798684,176392
1428,1798684,585791
1429,1137450,656421
1430,1137450,7143
1431,4925292,93463
1432,4925292,93765
1433,4925292,192833
1434,424345,150452
1435,424345,7545
1436,5466186,132772
1437,5466186,57311
1438,5466186,91846
1439,5466186,410559
1440,5466186,819670
1441,5716380,586968
1442,5716380,323227
1443,5716380,479176
1444,118570,8970
1445,118570,78167
1446,104437,59172
1447,104437,8970
1448,202677,14903
1449,202677,77965
1450,2277860,17902
1451,2277860,8970
1452,103786,5073
1453,103786,54830
1454,2101441,19350
1455,2101441,372556
1456,2101441,157961
1457,2101441,378259
1458,2101441,207630
1459,2101441,132192
1460,4335650,497026
1461,462519,19626
1462,462519,189495
1463,462519,130439
1464,462519,167005
1465,462519,150452
1466,462519,165636
1467,2883448,425992
1468,2883448,260906
1469,2883448,113043
1470,3606752,17902
1471,3606752,8970
1472,3229488,528453
1473,3229488,448466
1474,66999,102264
1475,92695,5875
1476,92695,94849
1477,92695,8970
1478,114369,78943
1479,114369,43545
1480,114369,46718
1481,75314,50868
1482,75314,50868
1483,75314,43923
1484,75314,13906
1485,332379,23400
1486,332379,93765
1487,332379,67370
1488,332379,206850
1489,332379,206908
1490,332379,4265
1491,962726,8970
1492,962726,250462
1493,106856,21159
1494,106856,28557
1495,106856,7127
1496,106856,2663
1497,6684714,530439
1498,6684714,209560
1499,6684714,303030
1500,6684714,17712
1501,6684714,742274
1502,6684714,619986
1503,6684714,377363
1504,6684714,178319
1505,97523,8970
1506,97523,76881
1507,97523,49620
1508,119488,7127
1509,119488,89381
1510,119488,2663
1511,94894,1995
1512,1719634,336432
1513,266465,130509
1514,266465,130510
1515,266465,46718
1516,266465,38281
1517,113277,2663
1518,113277,7127
1519,113277,35930
1520,113277,79747
1521,113277,43831
1522,88794,62005
1523,88794,123634
1524,1601913,342335
1525,1601913,119195
1526,1601913,192696
1527,1601913,259281
1528,1601913,288042
1529,1601913,340618
1530,1085492,312761
1531,1085492,17712
1532,1085492,457724
1533,1085492,17712
1534,1085492,265611
1535,1085492,178319
1536,1085492,209560
1537,1925431,209560
1538,1925431,259889
1539,1925431,17712
1540,1925431,242732
1541,1925431,36328
1542,1925431,294935
1543,1925431,24345
1544,1925431,651857
1545,1925431,712530
1546,1925431,519475
1547,1925431,376562
1548,1925431,491058
1549,218967,5073
1550,218967,64908
1551,218967,9876
1552,218967,182150
1553,218967,10750
1554,1675192,109632
1555,1675192,376329
1556,1675192,307251
1557,1675192,256591
1558,3672742,334469
1559,3672742,222455
1560,3672742,341402
1561,5580036,465607
1562,5580036,637285
1563,5580036,312433
1564,5580036,542434
1565,5580036,578641
1566,5884234,209560
1567,5884234,17712
1568,5884234,784469
1569,5884234,163323
1570,5884234,437328
1571,5884234,619986
1572,5884234,209925
1573,5884234,638705
1574,6644200,23400
1575,6644200,71240
1576,6644200,149632
1577,377713,109435
1578,377713,86772
1579,377713,16889
1580,377713,111290
1581,92718,49348
1582,92718,76881
1583,92718,55339
1584,92718,73759
1585,1798709,323215
1586,1798709,222021
1587,4287348,186146
1588,4287348,419980
1589,4255304,147434
1590,4255304,201838
1591,4255304,496439
1592,4255304,235242
1593,4255304,244345
1594,113419,50868
1595,113419,48322
1596,113419,23400
1597,113419,154947
1598,113419,12870
1599,113419,13175
1600,3465916,164664
1601,3465916,78814
1602,3465916,59546
1603,3465916,445695
1604,3465916,194428
1605,3465916,130575
1606,3465916,47104
1607,3465916,10760
1608,98258,35761
1609,98258,756
1610,88128,5073
1611,88128,79774
1612,4083572,515206
1613,4083572,530290
1614,4083572,501984
1615,4083572,503460
1616,4083572,229781
1617,69704,5073
1618,69704,71326
1619,69704,99634
1620,88847,5073
1621,88847,62005
1622,88847,79774
1623,116483,5073
1624,116483,63786
1625,116483,33486
1626,90305,5073
1627,2452200,234956
1628,2452200,68628
1629,2452200,173332
1630,2452200,286594
1631,2452200,311137
1632,2452200,397608
1633,2452200,692729
1634,2452200,309085
1635,2452200,803692
1636,2452200,378367
1637,2452200,243070
1638,2452200,309085
1639,5580536,811481
1640,5580536,17712
1641,5580536,209560
1642,5580536,303030
1643,5580536,209925
1644,5580536,619986
1645,5580536,784468
1646,1291570,156805
1647,1291570,251858
1648,1291570,348357
1649,1291570,46718
1650,1291570,443412
1651,1291570,296441
1652,1291570,543919
1653,1291570,402483
1654,1285009,392941
1655,1285009,178319
1656,1285009,687942
1657,1285009,355965
1658,1285009,123433
1659,1285009,301492
1660,5442456,269133
1661,5442456,172670
1662,5442456,49118
1663,284837,2948
1664,284837,88984
1665,284837,47476
1666,284837,103588
1667,284837,74598
1668,284837,57311
1669,478970,186190
1670,478970,51941
1671,478970,8970
1672,3532216,285648
1673,3532216,3687
1674,3532216,316578
1675,3532216,506124
1676,3532216,720208
1677,118689,30612
1678,118689,57311
1679,118689,103644
1680,1037705,54452
1681,1037705,19968
1682,79844,5035
1683,119174,30612
1684,119174,58765
1685,119174,45460
1686,2709768,5073
1687,2709768,221986
1688,2709768,169264
1689,2709768,55529
1690,120780,5073
1691,120780,10434
1692,67023,46592
1693,407887,2663
1694,407887,136967
1695,407887,11877
1696,407887,84207
1697,407887,93755
1698,110066,76240
1699,110066,72626
1700,1637688,7127
1701,1637688,7127
1702,1637688,86710
1703,5751998,387579
1704,5751998,591352
1705,5751998,96347
1706,74483,2663
1707,74483,102264
1708,107985,756
1709,1590193,47476
1710,1590193,79764
1711,1590193,265246
1712,1590193,320014
1713,1590193,28557
1714,1590193,346444
1715,1590193,28766
1716,1590193,476953
1717,1590193,452101
1718,1590193,49799
1719,1590193,41067
1720,1590193,786360
1721,2394063,230144
1722,109445,7545
1723,109445,22594
1724,3960240,366362
1725,3960240,144109
1726,3960240,605792
1727,3960240,23400
1728,3960240,710819
1729,3960240,495105
1730,3960240,495104
1731,7256866,59609
1732,7256866,120817
1733,1603257,76476
1734,1603257,179825
1735,1603257,9056
1736,2885364,281385
1737,93437,2663
1738,3885524,223262
1739,83929,5073
1740,83929,108297
1741,2283362,50868
1742,2283362,332017
1743,2283362,23815
1744,2283362,536392
1745,2283362,26545
1746,1453405,8970
1747,1453405,17902
1748,112401,2663
1749,112401,19968
1750,112401,116435
1751,112401,28557
1752,112401,14380
1753,112401,3350
1754,4281724,538116
1755,5792472,226355
1756,5792472,430345
1757,6598626,152336
1758,1082886,166660
1759,1082886,236322
1760,104029,29604
1761,104029,19307
1762,104029,38628
1763,104029,46997
1764,104029,135459
1765,104029,11735
1766,104029,65189
1767,104029,46729
1768,104029,12868
1769,104029,184024
1770,289765,5073
1771,289765,14380
1772,289765,7143
1773,289765,106989
1774,289765,75321
1775,289765,74212
1776,488120,46718
1777,488120,40620
1778,488120,32259
1779,488120,238126
1780,144117,43393
1781,144117,54733
1782,144117,53780
1783,144117,7933
1784,144117,63228
1785,144117,57651
1786,144117,440226
1787,4227282,507042
1788,97493,64409
1789,97493,200312
1790,110763,756
1791,110763,45447
1792,439815,76476
1793,439815,86710
1794,439815,65717
1795,439815,334128
1796,1981677,283926
1797,1981677,76476
1798,389860,50868
1799,389860,3580
1800,389860,59609
1801,389860,11134
1802,1337032,508816
1803,1337032,64423
1804,1337032,44921
1805,430922,5073
1806,430922,142678
1807,430922,180539
1808,430922,239926
1809,430922,7127
1810,430922,145942
1811,2452386,390775
1812,2452386,66959
1813,3387542,465607
1814,3387542,296971
1815,3387542,189844
1816,3387542,315744
1817,250687,23400
1818,250687,49706
1819,250687,22335
1820,250687,110404
1821,7668870,10568
1822,7668870,222021
1823,7668870,42742
1824,82340,66770
1825,82340,24716
1826,82340,45569
1827,82340,10057
1828,1959563,46206
1829,1959563,646497
1830,1959563,795633
1831,1959563,695878
1832,1959563,610132
1833,1959563,248798
1834,1959563,360646
1835,1959563,198748
1836,1959563,492280
1837,1959563,795634
1838,1959563,356750
1839,1959563,32081
1840,1959563,152219
1841,96256,35544
1842,96256,324578
1843,498399,50868
1844,498399,5596
1845,498399,24345
1846,2402157,142678
1847,2402157,88199
1848,2402157,500612
1849,2402157,1152
1850,2402157,332559
1851,2402157,37203
1852,2402157,393951
1853,2402157,651857
1854,2402157,242732
1855,2402157,519475
1856,2402157,471439
1857,1091722,22594
1858,1091722,15447
1859,1091722,17713
1860,119978,78545
1861,119978,20967
1862,119978,20958
1863,313443,7143
1864,313443,11134
1865,313443,12893
1866,55614,11112
1867,55614,635919
1868,3316948,37203
1869,3316948,251858
1870,3316948,190175
1871,3316948,794605
1872,3316948,37203
1873,3316948,90153
1874,3316948,393951
1875,3316948,794606
1876,3316948,440477
1877,3986820,308847
1878,3986820,617798
1879,3986820,603369
1880,3986820,670821
1881,268978,5073
1882,268978,819670
1883,268978,3687
1884,1961175,47306
1885,1961175,173285
1886,1961175,610132
1887,1961175,117723
1888,1961175,156991
1889,4738360,201171
1890,4738360,97494
1891,4738360,539481
1892,4738360,159596
1893,259484,19626
1894,259484,84128
1895,259484,26594
1896,259484,54781
1897,4976192,2572
1898,4976192,698097
1899,4976192,562117
1900,217869,49348
1901,217869,54054
1902,217869,18092
1903,217869,145526
1904,112722,7127
1905,112508,5073
1906,112508,33486
1907,305224,3580
1908,305224,59609
1909,305224,153052
1910,305224,64748
1911,327056,2663
1912,327056,108864
1913,327056,24939
1914,327056,10258
1915,120484,33486
1916,120484,49348
1917,120484,46561
1918,85407,14380
1919,85407,37360
1920,105112,26101
1921,105112,23400
1922,1502407,98315
1923,1502407,22594
1924,1502407,719531
1925,1502407,291982
1926,1502407,5891
1927,1502407,5073
1928,3331028,326644
1929,3331028,620813
1930,120888,43545
1931,120888,46718
1932,120888,33486
1933,117998,2663
1934,117998,5073
1935,117998,9119
1936,117998,93758
1937,117998,638936
1938,5664636,121181
1939,5664636,94914
1940,5664636,563842
1941,5664636,50868
1942,5664636,11134
1943,2316204,756
1944,2316204,420822
1945,2316204,74212
1946,2316204,132161
1947,101540,9119
1948,101540,9867
1949,101540,63961
1950,7149916,186146
1951,7149916,297432
1952,7149916,390113
1953,7149916,388021
1954,3416742,143046
1955,3416742,118715
1956,3416742,215655
1957,3416742,65796
1958,3416742,236840
1959,1899353,261531
1960,1899353,222021
1961,1899353,75896
1962,1899353,244345
1963,131857,42359
1964,90329,23400
1965,90329,238673
1966,114814,106129
1967,114814,33402
1968,114814,82030
1969,114814,57712
1970,114814,82012
1971,5657856,614086
1972,5657856,612274
1973,5657856,566160
1974,5657856,642616
1975,5657856,228420
1976,5657856,10414
1977,2891174,471578
1978,2891174,36225
1979,2891174,251916
1980,2891174,31730
1981,94291,756
1982,94291,22392
1983,94291,65783
1984,8361028,477903
1985,8361028,98315
1986,8361028,581611
1987,4428728,321160
1988,4428728,25026
1989,4428728,376939
1990,4428728,551396
1991,4428728,535241
1992,4428728,410579
1993,4428728,305542
1994,4428728,318046
1995,4428728,28557
1996,4428728,346444
1997,4428728,469946
1998,4428728,551397
1999,958860,700
2000,5052474,50868
2001,5052474,410488
2002,5052474,172670
2003,5052474,310184
2004,5052474,46206
2005,93822,39098
2006,2709692,5073
2007,2709692,202966
2008,2709692,221986
2009,2709692,194770
2010,6998518,440557
2011,6998518,305542
2012,6998518,625380
2013,6998518,12413
2014,6998518,97237
2015,6998518,244345
2016,87538,50868
2017,87538,42549
2018,87538,24560
2019,1872194,2663
2020,1872194,246151
2021,1872194,306946
2022,1872194,108864
2023,4209788,249694
2024,4209788,581352
2025,4209788,85751
2026,4209788,532247
2027,4209788,51618
2028,4209788,796482
2029,4209788,276464
2030,117438,49348
2031,117438,3687
2032,117438,107319
2033,2675914,463712
2034,2675914,463681
2035,2675914,325978
2036,2675914,338571
2037,2675914,35146
2038,2675914,48411
2039,2675914,1935
2040,2675914,311623
2041,2675914,4166
2042,2675914,113606
2043,2675914,32057
2044,2675914,598543
2045,2675914,48118
2046,493430,23400
2047,493430,34438
2048,493430,78828
2049,493430,20893
2050,4178092,98315
2051,4178092,202538
2052,4178092,62793
2053,209958,46718
2054,209958,67485
2055,209958,29540
2056,209958,17404
2057,209958,28247
2058,4540710,48273
2059,4540710,56755
2060,4540710,251858
2061,4540710,501538
2062,4540710,28557
2063,4540710,346444
2064,4540710,125554
2065,4540710,31670
2066,4540710,41001
2067,3263904,451514
2068,3263904,41001
2069,3263904,10258
2070,3263904,544767
2071,3263904,449458
2072,3263904,13175
2073,3263904,108864
2074,3263904,2663
2075,120483,2663
2076,120483,7127
2077,120483,135468
2078,120483,43164
2079,3503406,37203
2080,3503406,28338
2081,3503406,190175
2082,3503406,393951
2083,3503406,37203
2084,3503406,559398
2085,1167675,198748
2086,1167675,198692
2087,4633690,135575
2088,4633690,96347
2089,4633690,132772
2090,4633690,142678
2091,1458169,117723
2092,1458169,420849
2093,1458169,472968
2094,1458169,742429
2095,1458169,209925
2096,1458169,428352
2097,1458169,479423
2098,1458169,227523
2099,2172985,150452
2100,2172985,26545
2101,2172985,51618
2102,2172985,133523
2103,1197624,332840
2104,1197624,187451
2105,1197624,125213
2106,1197624,232271
2107,3813310,424445
2108,3813310,422626
2109,3813310,541701
2110,3813310,35058
2111,3813310,212295
2112,1711525,40938
2113,1711525,336601
2114,1711525,567243
2115,1711525,235528
2116,2737304,144901
2117,2737304,353093
2118,2737304,652570
2119,2737304,235528
2120,2737304,5073
2121,99938,5073
2122,99938,3687
2123,99938,54830
2124,99785,73707
2125,99785,756
2126,2330322,191649
2127,6738136,452823
2128,6738136,258793
2129,6738136,643524
2130,6738136,572352
2131,6738136,200136
2132,6738136,305542
2133,6738136,318046
2134,6738136,28557
2135,6738136,346444
2136,6738136,682021
2137,6738136,169751
2138,6738136,489494
2139,6053438,30755
2140,6053438,472890
2141,6053438,580774
2142,6053438,203259
2143,1095217,2572
2144,1095217,6728
2145,1095217,10750
2146,1095217,202713
2147,1095217,241427
2148,1095217,289420
2149,1095217,2572
2150,1095217,148026
2151,93640,1995
2152,1259528,699213
2153,1259528,670041
2154,1259528,164393
2155,1259528,332840
2156,1259528,14103
2157,2369135,819670
2158,2369135,336601
2159,2369135,49348
2160,2369135,195602
2161,2369135,55491
2162,810951,180898
2163,810951,73740
2164,5742374,49689
2165,5742374,197272
2166,5742374,41172
2167,5742374,37450
2168,3766354,50868
2169,3766354,35535
2170,3766354,152181
2171,3766354,183889
2172,3766354,26101
2173,3766354,26545
2174,3766354,418236
2175,2059171,368345
2176,2059171,19626
2177,2059171,208137
2178,2059171,323227
2179,2059171,42025
2180,2059171,146612
2181,117802,551821
2182,117802,195567
2183,117802,69210
2184,91326,50868
2185,91326,82004
2186,1216491,276464
2187,1216491,235528
2188,1216491,336582
2189,117381,23400
2190,117381,30480
2191,289992,5073
2192,289992,10183
2193,289992,502036
2194,289992,106989
2195,289992,10750
2196,993846,325207
2197,993846,88354
2198,993846,141038
2199,993846,223721
2200,1189340,173285
2201,1189340,5323
2202,1189340,15447
2203,1189340,3987
2204,128442,22594
2205,128442,72637
2206,8657152,704757
2207,5478478,307345
2208,5478478,353060
2209,56172,103190
2210,437863,3580
2211,437863,59609
2212,5095030,51941
2213,5095030,16350
2214,5095030,737723
2215,5095030,26937
2216,5095030,8970
2217,115697,113592
2218,115697,23400
2219,118708,70636
2220,118708,220969
2221,118708,71430
2222,457433,3580
2223,1488606,767068
2224,1488606,28338
2225,3212232,83975
2226,3212232,481625
2227,3212232,312761
2228,3212232,213926
2229,3212232,528657
2230,5796156,245333
2231,5796156,98544
2232,5796156,593498
2233,5796156,180560
2234,5796156,477443
2235,1106860,176483
2236,1106860,244587
2237,47977,98836
2238,109370,17280
2239,109370,18555
2240,109370,37724
2241,109370,30612
2242,109370,58765
2243,94812,73759
2244,408524,23400
2245,408524,130439
2246,408524,123642
2247,4633694,26545
2248,4633694,50868
2249,4633694,47120
2250,4633694,180492
2251,4633694,191864
2252,4633694,532247
2253,4633694,121181
2254,91209,95169
2255,91209,133016
2256,1314655,5073
2257,1314655,194736
2258,1314655,243405
2259,1314655,142678
2260,6499752,237697
2261,6499752,323227
2262,6499752,98315
2263,6499752,791453
2264,6238084,613852
2265,6238084,615427
2266,99204,1995
2267,96098,49348
2268,96098,76881
2269,96098,63353
2270,7295450,698151
2271,449089,50868
2272,449089,142678
2273,449089,10183
2274,449089,109128
2275,449089,93794
2276,449089,150511
2277,2215351,370032
2278,4537896,368761
2279,4537896,62935
2280,4537896,329296
2281,3509978,255647
2282,3509978,370872
2283,3509978,548365
2284,1197628,33149
2285,1197628,159111
2286,7959026,2663
2287,7959026,473978
2288,7959026,609239
2289,7959026,102264
2290,7959026,309252
2291,7959026,465018
2292,6628394,531874
2293,6628394,420822
2294,6628394,756
2295,2294629,74039
2296,2294629,8970
2297,2679552,179337
2298,2679552,179337
2299,2679552,186321
2300,2679552,88199
2301,2679552,243819
2302,2679552,409391
2303,2679552,28557
2304,2679552,346444
2305,2679552,10293
2306,2679552,638295
2307,355954,71430
2308,355954,59068
2309,355954,13246
2310,355954,308139
2311,7014006,390816
2312,7014006,93463
2313,104431,756
2314,104431,73707
2315,109686,46718
2316,109686,71430
2317,6823368,51944
2318,6823368,5073
2319,6823368,54054
2320,6823368,98315
2321,6823368,346224
2322,6823368,7143
2323,6823368,8970
2324,106918,22730
2325,106918,38270
2326,106918,23400
2327,106918,93765
2328,91217,779514
2329,91217,56805
2330,93748,23400
2331,93748,73707
2332,9024106,760518
2333,109446,2663
2334,109446,7127
2335,109446,21159
2336,119528,5073
2337,119528,3687
2338,95631,5073
2339,95631,45196
2340,4666732,358416
2341,4666732,536162
2342,4666732,233864
2343,4666732,447774
2344,3011960,83975
2345,3011960,41195
2346,3011960,703197
2347,3011960,23327
2348,3011960,481625
2349,92005,50868
2350,92005,15549
2351,92005,43140
2352,92005,65319
2353,118636,29574
2354,118636,57712
2355,118636,23603
2356,2005374,209560
2357,2005374,17712
2358,2005374,259889
2359,2005374,17712
2360,2005374,242577
2361,2005374,242732
2362,2005374,338205
2363,2005374,651857
2364,2005374,224058
2365,2005374,519475
2366,2005374,36328
2367,2005374,400639
2368,2005374,198823
2369,117894,23400
2370,117894,25957
2371,6105098,8970
2372,6105098,8347
2373,6105098,91919
2374,112572,23400
2375,3758162,303030
2376,3758162,267060
2377,3758162,141205
2378,3758162,729651
2379,3758162,707356
2380,3758162,10750
2381,3758162,209925
2382,3758162,630728
2383,3758162,16350
2384,99939,13271
2385,99939,91388
2386,97880,62005
2387,97880,7143
2388,97880,74647
2389,120832,23400
2390,120832,64143
2391,120832,49348
2392,7784604,37203
2393,7784604,504502
2394,7784604,384378
2395,119256,69598
2396,119256,30480
2397,119256,28943
2398,1535612,2572
2399,1535612,2572
2400,1535612,59168
2401,1535612,300880
2402,1535612,287640
2403,1396484,46718
2404,1396484,449458
2405,1396484,84207
2406,1396484,226345
2407,1396484,339894
2408,118771,14380
2409,118771,23400
2410,118771,25957
2411,101242,66053
2412,101242,79532
2413,119892,79484
2414,119892,5323
2415,119892,337278
2416,189584,43393
2417,189584,148949
2418,109642,40620
2419,109642,50868
2420,113243,26841
2421,113243,21711
2422,1937388,384906
2423,1937388,280562
2424,1937388,206200
2425,8155288,98315
2426,8155288,169264
2427,8155288,568939
2428,133985,78812
2429,133985,365575
2430,133985,78090
2431,133985,40162
2432,133985,43393
2433,98554,5073
2434,98554,73707
2435,1650535,338181
2436,1650535,310299
2437,1650535,265951
2438,1231587,7143
2439,1231587,26841
2440,1231587,79035
2441,4575982,531165
2442,6146586,173285
2443,6146586,46206
2444,6146586,224994
2445,6146586,172670
2446,6146586,372624
2447,787475,23400
2448,787475,13731
2449,787475,180100
2450,787475,191796
2451,120324,43107
2452,120324,769935
2453,120324,7500
2454,120324,23400
2455,120324,74787
2456,120324,79339
2457,120324,2219
2458,120324,28427
2459,120324,69524
2460,118073,23400
2461,118073,42559
2462,118571,50868
2463,118571,64908
2464,118571,5233
2465,118571,97246
2466,118571,332748
2467,118571,49348
2468,106977,2663
2469,106977,44240
2470,119142,5073
2471,119142,73541
2472,119142,1453
2473,119142,184088
2474,95253,5073
2475,95253,73707
2476,100404,2663
2477,100404,38270
2478,103241,49348
2479,103241,59172
2480,120241,49954
2481,120241,8096
2482,120241,18709
2483,120241,18184
2484,120241,22915
2485,1468387,244450
2486,1468387,580691
2487,1468387,34133
2488,482629,166299
2489,482629,67735
2490,482629,177462
2491,482629,189671
2492,482629,235048
2493,2047890,251080
2494,1761005,223795
2495,1761005,424898
2496,1761005,135994
2497,4056738,193544
2498,4056738,244450
2499,4056738,580691
2500,4056738,158325
2501,4056738,268346
2502,2822280,424826
2503,3100052,307996
2504,3100052,442587
2505,3963816,17712
2506,3963816,327256
2507,3963816,209560
2508,3963816,303030
2509,3963816,292909
2510,427229,23400
2511,427229,93765
2512,427229,221029
2513,263757,7143
2514,263757,25423
2515,7286456,2663
2516,7286456,227121
2517,7286456,108864
2518,7286456,309252
2519,7286456,373725
2520,7286456,38332
2521,7286456,465018
2522,1305008,376314
2523,1305008,12742
2524,1305008,249706
2525,1305008,44319
2526,2964360,580691
2527,2964360,193544
2528,1160369,123268
2529,5866442,660724
2530,4264610,689978
2531,4264610,691952
2532,6400674,300843
2533,3969208,715579
2534,5970972,22171
2535,427152,23400
2536,427152,819670
2537,427152,31181
2538,427152,214497
2539,427152,108321
2540,427152,136709
2541,308152,37418
2542,308152,76857
2543,1371117,55519
2544,1371117,43355
2545,1371117,50935
2546,1371117,62469
2547,1371117,99164
2548,1371117,16350
2549,1371117,16584
2550,380687,118889
2551,380687,72994
2552,1975179,252236
2553,8535180,17447
2554,8535180,524199
2555,8535180,767577
2556,8535180,646497
2557,8535180,732134
2558,8535180,10750
2559,118531,700
2560,118531,73417
2561,118531,76321
2562,2528814,331312
2563,2528814,580691
2564,2528814,480274
2565,2528814,193544
2566,2528814,195641
2567,2528814,268346
2568,2528814,268346
2569,4765928,441925
2570,4765928,776313
2571,5792656,83975
2572,5792656,656537
2573,5792656,725239
2574,5792656,83975
2575,3203834,374106
2576,5105784,558131
2577,5105784,343714
2578,4591784,550765
2579,117774,8096
2580,117774,45123
2581,117774,49954
2582,117774,22915
2583,3722420,482749
2584,3722420,432072
2585,4654472,536655
2586,4654472,572109
2587,4558194,519429
2588,8946378,173285
2589,8946378,194736
2590,8946378,762940
2591,4846340,17497
2592,4846340,286257
2593,4846340,390775
2594,4846340,420822
2595,85334,7143
2596,85334,77199
2597,6343314,7143
2598,6343314,2663
2599,6343314,46718
2600,6343314,54262
2601,3398066,360728
2602,4838334,546060
2603,325537,819670
2604,325537,70636
2605,9826126,543482
2606,4170972,271788
2607,7394816,89252
2608,7394816,655005
2609,7394816,247764
2610,7394816,543401
2611,7394816,591236
2612,7394816,818707
2613,7394816,291239
2614,7394816,230513
2615,7394816,360871
2616,6977338,5073
2617,6977338,380492
2618,6977338,345956
2619,6977338,5073
2620,1814790,401808
2621,1814790,193544
2622,1778924,472480
2623,1778924,297959
2624,2338205,457598
2625,2338205,405733
2626,1144546,193544
2627,1144546,226150
2628,4486728,474730
2629,4486728,653778
2630,4486728,280061
2631,4486728,571503
2632,4883336,184936
2633,1516541,291911
2634,1516541,285110
2635,1516541,689975
2636,2240306,385758
2637,2678212,412725
2638,2678212,147497
2639,1629443,261932
2640,1629443,282912
2641,1629443,4925
2642,1629443,48997
2643,1629443,119340
2644,1629443,136728
2645,38650,196361
2646,9636630,8434
2647,6133806,261777
2648,104952,756
2649,104952,57987
2650,104952,731057
2651,3305388,156199
2652,2899120,156199
2653,2899120,126705
2654,107614,756
2655,107614,174792
2656,2191701,50868
2657,2191701,59609
2658,2191701,26545
2659,1979376,17902
2660,1979376,8970
2661,3513548,88354
2662,3513548,85725
2663,3513548,509662
2664,3513548,16350
2665,3513548,102264
2666,5741008,383881
2667,5741008,590734
2668,5741008,590735
2669,1618432,544119
2670,6529772,625186
2671,6529772,248587
2672,3224458,148020
2673,3224458,562497
2674,3224458,5883
2675,10086784,593661
2676,10086784,206768
2677,111257,85751
2678,111257,756
2679,280590,50868
2680,280590,46718
2681,280590,59609
2682,280590,52395
2683,142342,64748
2684,142342,52395
2685,2048824,732100
2686,2048824,353020
2687,2048824,206131
2688,110989,2663
2689,110989,19968
2690,110989,22730
2691,4738238,297959
2692,4738238,541679
2693,6436726,274505
2694,6436726,31375
2695,6436726,251858
2696,6436726,670857
2697,6436726,47104
2698,6436726,51615
2699,6436726,63732
2700,6436726,767930
2701,6436726,777583
2702,6436726,142132
2703,5727208,390816
2704,5727208,545200
2705,5727208,93463
2706,5727208,93765
2707,5727208,141038
2708,249478,23400
2709,249478,33149
2710,249478,67907
2711,2304953,209560
2712,2304953,51618
2713,2304953,36328
2714,2304953,179337
2715,2304953,338181
2716,2304953,318844
2717,2304953,121071
2718,2304953,330317
2719,2304953,53578
2720,2304953,491058
2721,2304953,441453
2722,486822,819670
2723,486822,199880
2724,486822,118469
2725,486822,437457
2726,274636,31298
2727,6105774,743705
2728,8544498,2663
2729,8544498,309252
2730,8544498,706942
2731,8544498,93869
2732,8544498,368572
2733,97958,2663
2734,97958,73707
2735,97958,102282
2736,42327,756
2737,9243946,144901
2738,9243946,86397
2739,9243946,212797
2740,9243946,71947
2741,2328727,334856
2742,2328727,376627
2743,120434,2663
2744,120434,24560
2745,120434,102282
2746,105466,33472
2747,1430131,251080
2748,1430131,226484
2749,1430131,24141
2750,5093668,232086
2751,111477,11800
2752,111477,756
2753,8068826,549977
2754,8068826,319081
2755,3104292,549870
2756,3104292,390113
2757,2628374,407066
2758,2628374,111385
2759,1349640,123268
2760,466923,123268
2761,3647804,477142
2762,5258388,482639
2763,2350374,429757
2764,8947544,451701
2765,5690630,553598
2766,1535109,93765
2767,1535109,174505
2768,1535109,148949
2769,5981802,280652
2770,304669,8970
2771,304669,14629
2772,304669,80834
2773,319343,46718
2774,319343,31707
2775,319343,52918
2776,319343,37759
2777,319343,93867
2778,1067106,8970
2779,1067106,291775
2780,1067106,38131
2781,1067106,622634
2782,13904494,872856
2783,1950186,286257
2784,1950186,420822
2785,1950186,799219
2786,1950186,756
2787,2171809,193544
2788,1090674,246218
2789,10989808,331312
2790,10989808,516335
2791,10989808,408387
2792,5739478,751484
2793,5739478,734689
2794,5739478,547537
2795,4366200,517506
2796,2890616,423387
2797,2890616,329724
2798,2890616,412536
2799,9697774,536655
2800,1630036,5883
2801,1630036,48654
2802,1630036,248927
2803,1630036,248867
2804,1630036,286343
2805,2231251,356744
2806,33870,2663
2807,1838556,644966
2808,1838556,704158
2809,1838556,212862
2810,1838556,366808
2811,1838556,813329
2812,1838556,209925
2813,1838556,813522
2814,1838556,742270
2815,1838556,515206
2816,1838556,332559
2817,1838556,558799
2818,1838556,86332
2819,3102370,206768
2820,3102370,305814
2821,11377630,543482
2822,11377630,603088
2823,3200980,496834
2824,3200980,478839
2825,3200980,387639
2826,3200980,547797
2827,2395246,364721
2828,2395246,268116
2829,1172998,19626
2830,1172998,229458
2831,1172998,226411
2832,6559576,624509
2833,6559576,765728
2834,6559576,107749
2835,8292804,692106
2836,8292804,729484
2837,2857048,368451
2838,2857048,328182
2839,2053436,353446
2840,2053436,374204
2841,425027,248980
2842,425027,248927
2843,425027,48654
2844,976222,46206
2845,976222,73388
2846,976222,186672
2847,1544600,288827
2848,8206880,27728
2849,5833658,123268
2850,13699300,714451
2851,2721898,415662
2852,7165518,615768
2853,7841262,11688
2854,7841262,360728
2855,7838654,681274
2856,4821190,346184
2857,6061364,606698
2858,2379460,123268
2859,6645126,252140
2860,9114660,479478
2861,9114660,788407
2862,3034594,435644
2863,3034594,261777
2864,3832914,521165
2865,3832914,248867
2866,3832914,248927
2867,3832914,522979
2868,3832914,5883
2869,12649538,206768
2870,5836432,543482
2871,3915566,193544
2872,3697954,445124
2873,3697954,193544
2874,4970194,503613
2875,2184095,360728
2876,3948080,376215
2877,3948080,439255
2878,3566370,438574
2879,10338472,379171
2880,1907639,280061
2881,7383268,764728
2882,7383268,626922
2883,11907624,315559
2884,11907624,287888
2885,1376205,305783
2886,1376205,156199
2887,1376205,164683
2888,1376205,368021
2889,3513824,468082
2890,3513824,771324
2891,3513824,513123
2892,3513824,387888
2893,6243274,751484
2894,6243274,734689
2895,6243274,547537
2896,482463,118837
2897,482463,159370
2898,482463,180518
2899,482463,221872
2900,482463,223117
2901,6146590,654043
2902,6146590,206591
2903,6146590,640877
2904,6146590,280061
2905,6146590,121278
2906,6146590,769253
2907,3553622,31457
2908,3553622,480525
2909,1605791,297702
2910,1605791,88352
2911,1605791,295552
2912,2147277,158807
2913,2147277,215551
2914,2147277,314078
2915,408790,49348
2916,408790,3687
2917,1129423,58013
2918,1129423,248867
2919,1129423,248980
2920,1129423,622634
2921,1129423,248927
2922,1129423,48654
2923,4700756,613092
2924,4700756,579499
2925,4700756,572180
2926,3014666,248867
2927,3014666,106524
2928,3014666,248927
2929,3014666,193544
2930,3014666,5883
2931,3196156,843203
2932,3196156,424245
2933,3554938,64419
2934,2069708,355555
2935,7888964,743169
2936,7888964,169264
2937,7888964,594150
2938,7888964,113457
2939,7888964,346224
2940,810913,50868
2941,810913,59609
2942,810913,163543
2943,93693,7143
2944,93693,141156
2945,93693,22971
2946,8896670,814517
2947,8896670,711088
2948,88850,5073
2949,88850,22730
2950,88850,41635
2951,88850,19968
2952,162558,34820
2953,99423,756
2954,99423,119038
2955,99423,19968
2956,3794422,126705
2957,70735,19166
2958,70735,5073
2959,453467,49348
2960,453467,26281
2961,453467,74212
2962,453467,622634
2963,1059786,819670
2964,1059786,176022
2965,1059786,245613
2966,1059786,216879
2967,1059786,437457
2968,181689,756
2969,181689,819670
2970,181689,12382
2971,181689,7610
2972,181689,130968
2973,181689,9119
2974,181689,437457
2975,181689,108321
2976,120176,3988
2977,120176,28809
2978,120176,115522
2979,120176,46148
2980,137363,10568
2981,137363,5323
2982,137363,68294
2983,137363,49333
2984,137363,182558
2985,133093,2663
2986,133093,108864
2987,133093,60075
2988,133093,19968
2989,133093,70636
2990,2247476,248867
2991,2247476,13922
2992,805526,248980
2993,805526,17834
2994,805526,248927
2995,805526,58013
2996,805526,48654
2997,12528166,17712
2998,12528166,274103
2999,12528166,474730
3000,12528166,341688
3001,12528166,619986
3002,12528166,339115
3003,6902332,212862
3004,6902332,832578
3005,6902332,515206
3006,6902332,549767
3007,6902332,382927
3008,6902332,179337
3009,6902332,86332
3010,1111422,50868
3011,1111422,7143
3012,1111422,142678
3013,1111422,74212
3014,1111422,35535
3015,119214,72626
3016,119214,76240
3017,368891,8970
3018,368891,26281
3019,368891,95025
3020,368891,10750
3021,113972,23400
3022,936501,48273
3023,936501,69340
3024,936501,240248
3025,936501,240248
3026,936501,28557
3027,936501,93477
3028,936501,37417
3029,936501,401951
3030,936501,192913
3031,936501,756
3032,112864,94483
3033,112864,756
3034,4575782,439538
3035,337978,756
3036,337978,174373
3037,337978,136728
3038,337978,41195
3039,337978,265519
3040,1656186,2572
3041,1656186,2572
3042,1656186,10750
3043,1656186,248798
3044,1656186,93861
3045,1656186,80859
3046,1596363,23400
3047,1596363,7127
3048,1596363,136967
3049,1561770,32922
3050,1561770,181501
3051,1561770,319868
3052,1561770,252349
3053,71206,25928
3054,363988,57553
3055,363988,50868
3056,363988,140758
3057,363988,80279
3058,107798,2663
3059,92493,23400
3060,92493,72017
3061,1567609,73417
3062,1567609,73417
3063,1567609,87336
3064,1567609,693106
3065,1567609,91365
3066,260866,7127
3067,260866,108864
3068,260866,24939
3069,260866,166202
3070,260866,44240
3071,260866,7127
3072,260866,2647
3073,113161,7143
3074,113161,10434
3075,1031969,176225
3076,1031969,158853
3077,1031969,426221
3078,1013743,756
3079,1013743,7127
3080,1013743,307635
3081,1013743,131022
3082,1013743,174373
3083,1013743,7127
3084,1013743,268489
3085,1013743,265519
3086,1214962,112971
3087,1214962,308369
3088,1214962,95383
3089,1214962,112971
3090,1214962,340831
3091,1214962,236721
3092,1214962,88587
3093,988047,193414
3094,988047,64942
3095,988047,36225
3096,988047,25116
3097,116705,46151
3098,116705,756
3099,2481480,502189
3100,2481480,360871
3101,116571,7143
3102,116571,30480
3103,368008,23400
3104,368008,93765
3105,368008,93046
3106,118883,2663
3107,118883,19968
3108,118883,116435
3109,377062,756
3110,377062,51847
3111,377062,22730
3112,377062,109356
3113,274166,5073
3114,274166,47476
3115,274166,57311
3116,274166,87167
3117,117918,7127
3118,117918,2663
3119,86397,59451
3120,6264654,781821
3121,6264654,330789
3122,6264654,158853
3123,6264654,683138
3124,6264654,730836
3125,6264654,420822
3126,1648179,50868
3127,1648179,263395
3128,1648179,163543
3129,1648179,59609
3130,9154566,113573
3131,9154566,699787
3132,311289,8970
3133,311289,73388
3134,311289,44165
3135,311289,29574
3136,2677722,251858
3137,2677722,174578
3138,2677722,174578
3139,2677722,81580
3140,2677722,135149
3141,2677722,87854
3142,2677722,22594
3143,2677722,539689
3144,1677720,2663
3145,1677720,9119
3146,1677720,227121
3147,1677720,174373
3148,1677720,9119
3149,1677720,33149
3150,1677720,194807
3151,1677720,336601
3152,398165,23400
3153,398165,50868
3154,398165,59609
3155,398165,34438
3156,398165,113274
3157,116311,72626
3158,116311,8970
3159,177789,819670
3160,177789,71947
3161,14577300,17712
3162,14577300,209560
3163,14577300,339115
3164,322330,45514
3165,322330,7784
3166,322330,8970
3167,1027718,756
3168,1027718,6728
3169,1027718,174373
3170,1027718,241738
3171,1027718,841502
3172,120784,700
3173,120784,73417
3174,112040,99636
3175,112040,33402
3176,112040,53164
3177,408345,2663
3178,408345,108864
3179,408345,97246
3180,408345,172670
3181,408345,168855
3182,1024648,2663
3183,1024648,209646
3184,1024648,184096
3185,1211956,46206
3186,1211956,192211
3187,1211956,17712
3188,1211956,242732
3189,1211956,377076
3190,1211956,14103
3191,1211956,712530
3192,1211956,519475
3193,106611,8970
3194,117060,23400
3195,117060,12382
3196,257076,50868
3197,257076,11134
3198,257076,84122
3199,257076,12408
3200,257076,12496
3201,4824308,580691
3202,4824308,331312
3203,265298,23400
3204,265298,99647
3205,265298,133270
3206,265298,5073
3207,339412,49348
3208,339412,19626
3209,339412,13175
3210,339412,31181
3211,328107,17497
3212,328107,7127
3213,328107,74212
3214,328107,166202
3215,119630,50868
3216,119630,8168
3217,119630,1100
3218,119630,53086
3219,8477134,771324
3220,8477134,453814
3221,8477134,280231
3222,8186318,248867
3223,8186318,248927
3224,13515076,516335
3225,13515076,635443
3226,13515076,310494
3227,13515076,331312
3228,13515076,545599
3229,13515076,545599
3230,13515076,545599
3231,14578032,713137
3232,14578032,268346
3233,6652708,331312
3234,4532280,451701
3235,18302002,804108
3236,18302002,865585
3237,18302002,918285
3238,18302002,44472
3239,1893277,329724
3240,1893277,549870
3241,3741678,384125
3242,3741678,197380
3243,9182202,719312
3244,4237208,515241
3245,4237208,515242
3246,4237208,535934
3247,4237208,648666
3248,1562409,301986
3249,3717822,379928
3250,3717822,481623
3251,3717822,256057
3252,3717822,481622
3253,3717822,623886
3254,1114740,50868
3255,1114740,142678
3256,1114740,59609
3257,1114740,263395
3258,3450650,50868
3259,3450650,479739
3260,3450650,59609
3261,3450650,263395
3262,2004271,6043
3263,2004271,347973
3264,7963280,386800
3265,7963280,32279
3266,3103166,413298
3267,3103166,189148
3268,1663680,304099
3269,5342904,761915
3270,3823672,738388
3271,3823672,197846
3272,3823672,300843
3273,8191944,553598
3274,13050216,315559
3275,11707848,222145
3276,2171120,376710
3277,2171120,329724
3278,2171120,412536
3279,2246941,351552
3280,4104354,201793
3281,4104354,545387
3282,4104354,195641
3283,120873,2663
3284,120873,44240
3285,1782415,280061
3286,8211214,360353
3287,8211214,121295
3288,8211214,362154
3289,8211214,493361
3290,10323676,661865
3291,10323676,732571
3292,10323676,172670
3293,13496236,554413
3294,13496236,360871
3295,13496236,474730
3296,13496236,247017
3297,5748448,515206
3298,5748448,86332
3299,5748448,332840
3300,5748448,620416
3301,5748448,832578
3302,3150574,148048
3303,3150574,423295
3304,4269746,715579
3305,4269746,512258
3306,1524137,5073
3307,1524137,142678
3308,1524137,57311
3309,1524137,80947
3310,1524137,92329
3311,1524137,198598
3312,1524137,349669
3313,1524137,298735
3314,5433138,313548
3315,5433138,747900
3316,5433138,374900
3317,5433138,169264
3318,5433138,827383
3319,5433138,11134
3320,5433138,5073
3321,1047540,756
3322,1047540,73388
3323,1047540,286257
3324,1047540,130379
3325,1047540,174373
3326,1047540,241738
3327,3555514,400277
3328,412915,9512
3329,412915,3899
3330,412915,137385
3331,473389,181866
3332,473389,58425
3333,473389,294271
3334,473389,87777
3335,473389,185035
3336,473389,186506
3337,6899068,401655
3338,6899068,625744
3339,68428,60233
3340,68428,70942
3341,68428,50655
3342,46051,95198
3343,46051,95203
3344,46051,61436
3345,46051,108280
3346,313542,7127
3347,313542,7127
3348,313542,166202
3349,313542,42403
3350,7656570,751484
3351,7656570,734689
3352,7656570,547537
3353,7656570,734868
3354,115862,5073
3355,115862,3687
3356,115862,22730
3357,104257,50868
3358,104257,40620
3359,104257,31919
3360,11353050,549977
3361,11353050,882445
3362,473705,5073
3363,473705,57311
3364,473705,47476
3365,473705,142678
3366,473705,64187
3367,1458175,173285
3368,1458175,230125
3369,1458175,233587
3370,1124035,50868
3371,1124035,285648
3372,1124035,234935
3373,1124035,354894
3374,1124035,184096
3375,1124035,88354
3376,105695,2663
3377,105695,10258
3378,381849,173285
3379,381849,131022
3380,381849,142678
3381,381849,50868
3382,381849,309663
3383,477080,756
3384,477080,276484
3385,477080,74212
3386,477080,81526
3387,477080,7424
3388,85333,50868
3389,85333,69509
3390,85333,31638
3391,120689,40620
3392,120689,29398
3393,120689,2663
3394,107206,50868
3395,107206,40620
3396,58461,79603
3397,58461,2257
3398,58461,67755
3399,113442,18640
3400,113442,78748
3401,113442,30480
3402,11827628,319513
3403,11827628,628338
3404,11827628,298101
3405,11827628,182553
3406,181536,50868
3407,181536,248885
3408,181536,103746
3409,181536,27956
3410,450385,19626
3411,450385,150452
3412,450385,117723
